hiii ,00425_03M20.JPG,Morphed
,00425_03M20.JPG,Morphed
,00457_1F37.JPG,Morphed
hi,00425_03M20.JPG,Morphed
,00425_03M20.JPG,Morphed
,0109_00M16.JPG,Morphed
,00457_1F37.JPG,Morphed
this is testing ,00242_06M19.JPG,Morphed
hima shekhar,00242_06M19.JPG,Morphed
,00242_06M19.JPG,Morphed
hi,00425_03M20.JPG,Morphed
sai,00242_06M19.JPG,Morphed
,00242_06M19.JPG,Morphed
this is testing ,00242_06M19.JPG,Morphed
,0109_00M16.JPG,Morphed
,real_00003.jpg,Real
,0109_00M16.JPG,Morphed
,0068_03M17.JPG,Morphed
,real_00002.jpg,Real
,real_00002.jpg,Real
,0109_00M16.JPG,Morphed
